Workbook

Sheet Template Pelanggan
A1: nama_pelanggan* | B1: nama_instansi* | C1: email* | D1: no_hp* | E1: alamat* | F1: lat* | G1: lon* | H1: status_ppn* | I1: nik* | J1: npwp* | K1: nama_npwp* | L1: tgl_aktif* | M1: jenis_koneksi* | N1: nama_layanan* | O1: harga_Layanan* | P1: biaya_otc* | Q1: metode_invoice* | R1: trafik_bandwidth* | S1: tipe_pelanggan* | T1: VLAN* | U1: IP Address* | V1: keterangan* | X1: PPN | Y1: Fiber Optik | Z1: WA | AA1: Corporate | AB1: [228] 10 Mbps - 10 Mbps
H2: Non-PPN | M2: Fiber Optik | N2: [228] 10 Mbps - 10 Mbps | O2: =IF(N2="","",IFERROR(VLOOKUP(N2,Layanan!$A:$E,5,0),0)) -> 150000 | Q2: WA | R2: =IF(N2="","",IFERROR(VLOOKUP(N2,Layanan!$A:$D,4,0),"")) -> 10 Mbps | S2: Personal | X2: Non-PPN | Y2: Wireless | Z2: Email | AA2: Government
O3: =IF(N3="","",IFERROR(VLOOKUP(N3,Layanan!$A:$E,5,0),0)) | R3: =IF(N3="","",IFERROR(VLOOKUP(N3,Layanan!$A:$D,4,0),"")) | Y3: Terastream | Z3: Fisik | AA3: Education
O4: =IF(N4="","",IFERROR(VLOOKUP(N4,Layanan!$A:$E,5,0),0)) | R4: =IF(N4="","",IFERROR(VLOOKUP(N4,Layanan!$A:$D,4,0),"")) | Y4: Sprint | Z4: Disabled | AA4: Personal
O5: =IF(N5="","",IFERROR(VLOOKUP(N5,Layanan!$A:$E,5,0),0)) | R5: =IF(N5="","",IFERROR(VLOOKUP(N5,Layanan!$A:$D,4,0),"")) | Y5: Colocation | AA5: RT/RW Net
O6: =IF(N6="","",IFERROR(VLOOKUP(N6,Layanan!$A:$E,5,0),0)) | R6: =IF(N6="","",IFERROR(VLOOKUP(N6,Layanan!$A:$D,4,0),"")) | Y6: IP Transit
O7: =IF(N7="","",IFERROR(VLOOKUP(N7,Layanan!$A:$E,5,0),0)) | R7: =IF(N7="","",IFERROR(VLOOKUP(N7,Layanan!$A:$D,4,0),"")) | Y7: Content
O8: =IF(N8="","",IFERROR(VLOOKUP(N8,Layanan!$A:$E,5,0),0)) | R8: =IF(N8="","",IFERROR(VLOOKUP(N8,Layanan!$A:$D,4,0),"")) | Y8: Manage Service
O9: =IF(N9="","",IFERROR(VLOOKUP(N9,Layanan!$A:$E,5,0),0)) | R9: =IF(N9="","",IFERROR(VLOOKUP(N9,Layanan!$A:$D,4,0),"")) | Y9: Dedicated
O10: =IF(N10="","",IFERROR(VLOOKUP(N10,Layanan!$A:$E,5,0),0)) | R10: =IF(N10="","",IFERROR(VLOOKUP(N10,Layanan!$A:$D,4,0),"")) | Y10: Custom
O11: =IF(N11="","",IFERROR(VLOOKUP(N11,Layanan!$A:$E,5,0),0)) | R11: =IF(N11="","",IFERROR(VLOOKUP(N11,Layanan!$A:$D,4,0),""))
O12: =IF(N12="","",IFERROR(VLOOKUP(N12,Layanan!$A:$E,5,0),0)) | R12: =IF(N12="","",IFERROR(VLOOKUP(N12,Layanan!$A:$D,4,0),""))
O13: =IF(N13="","",IFERROR(VLOOKUP(N13,Layanan!$A:$E,5,0),0)) | R13: =IF(N13="","",IFERROR(VLOOKUP(N13,Layanan!$A:$D,4,0),""))
O14: =IF(N14="","",IFERROR(VLOOKUP(N14,Layanan!$A:$E,5,0),0)) | R14: =IF(N14="","",IFERROR(VLOOKUP(N14,Layanan!$A:$D,4,0),""))
O15: =IF(N15="","",IFERROR(VLOOKUP(N15,Layanan!$A:$E,5,0),0)) | R15: =IF(N15="","",IFERROR(VLOOKUP(N15,Layanan!$A:$D,4,0),""))
O16: =IF(N16="","",IFERROR(VLOOKUP(N16,Layanan!$A:$E,5,0),0)) | R16: =IF(N16="","",IFERROR(VLOOKUP(N16,Layanan!$A:$D,4,0),""))
O17: =IF(N17="","",IFERROR(VLOOKUP(N17,Layanan!$A:$E,5,0),0)) | R17: =IF(N17="","",IFERROR(VLOOKUP(N17,Layanan!$A:$D,4,0),""))
O18: =IF(N18="","",IFERROR(VLOOKUP(N18,Layanan!$A:$E,5,0),0)) | R18: =IF(N18="","",IFERROR(VLOOKUP(N18,Layanan!$A:$D,4,0),""))
O19: =IF(N19="","",IFERROR(VLOOKUP(N19,Layanan!$A:$E,5,0),0)) | R19: =IF(N19="","",IFERROR(VLOOKUP(N19,Layanan!$A:$D,4,0),""))
O20: =IF(N20="","",IFERROR(VLOOKUP(N20,Layanan!$A:$E,5,0),0)) | R20: =IF(N20="","",IFERROR(VLOOKUP(N20,Layanan!$A:$D,4,0),""))
O21: =IF(N21="","",IFERROR(VLOOKUP(N21,Layanan!$A:$E,5,0),0)) | R21: =IF(N21="","",IFERROR(VLOOKUP(N21,Layanan!$A:$D,4,0),""))
O22: =IF(N22="","",IFERROR(VLOOKUP(N22,Layanan!$A:$E,5,0),0)) | R22: =IF(N22="","",IFERROR(VLOOKUP(N22,Layanan!$A:$D,4,0),""))
... O1000: =IF(N1000="","",IFERROR(VLOOKUP(N1000,Layanan!$A:$E,5,0),0)) | R1000: =IF(N1000="","",IFERROR(VLOOKUP(N1000,Layanan!$A:$D,4,0),""))

Sheet Layanan
A1: Label (Pilihan) | B1: ID | C1: Nama Layanan | D1: Bandwidth | E1: Harga Jual | F1: Skema Bayar
A2: [228] 10 Mbps - 10 Mbps | B2: 228 | C2: 10 Mbps | D2: 10 Mbps | E2: 150000

Sheet Petunjuk
A1: PETUNJUK PENGISIAN TEMPLATE IMPORT PELANGGAN
A3: Kolom | B3: Keterangan | C3: Wajib? | D3: Nilai Valid
A4: nama_pelanggan | B4: Nama lengkap pelanggan | C4: Ya | D4: -
A5: nama_instansi | B5: Nama perusahaan/instansi | C5: Ya | D5: -
A6: email | B6: Alamat email | C6: Ya | D6: -
A7: no_hp | B7: Nomor WhatsApp/HP | C7: Ya | D7: -
A8: alamat | B8: Alamat lengkap | C8: Ya | D8: -
A9: lat | B9: Latitude lokasi pelanggan | C9: Ya | D9: Contoh: -7.762451 atau -7,762451 (titik/koma diterima)
A10: lon | B10: Longitude lokasi pelanggan | C10: Ya | D10: Contoh: 110.373703 atau 110,373703 (titik/koma diterima)
A11: status_ppn | B11: Status PPN | C11: Ya | D11: PPN / Non-PPN (default: Non-PPN)
A12: nik | B12: Nomor Induk Kependudukan (16 digit) | C12: Ya | D12: Kolom diformat sebagai Teks, angka tidak akan berubah
A13: npwp | B13: Nomor NPWP | C13: Ya | D13: -
A14: nama_npwp | B14: Nama pemilik NPWP | C14: Ya | D14: -
... A25: keterangan | B25: Catatan tambahan | C25: Ya | D25: -
A27: * Hapus baris contoh (baris ke-2, berwarna kuning) sebelum mengimpor data!
